item_id;exercicio;enunciado;resposta_correta;resposta_errada_candidata;seu_julgamento_(valido/invalido);observacao
IT001;12apples;"Lilth está selecionando maçãs boas de dois sacos cheios. Cada saco comporta 12 maçãs. No primeiro saco, ela selecionou 5 maçãs e, no segundo, 10. Em seguida, el";15/12;denom=12 (dividido apenas entre 0 e 1);;
IT002;11project;"Ivan tem um projeto para entregar em uma semana. Para não ser preguiçoso, ele dividiu o trabalho em 7 partes e decidiu concluir uma parte por dia. Depois de 5 d";5/7;5/7;;
IT003;10children;"O Sr. e a Sra. Holsinger levaram seus 3 filhos a um parque à tarde. Quando chegaram lá, duas das crianças queriam nadar na piscina, enquanto a outra queria anda";2/3;1;;
IT004;00bubble;"Você está tentando distribuir um pão igualmente para 5 pessoas. Cada pedaço de pão deve ter o mesmo tamanho, então você deu a cada pessoa exatamente 1/5 do pão.";1/5;5;;
IT005;15fishStick;"Grace está numa situação muito complicada hoje. Ela comprou 10 palitos de peixe, mas precisa dividi-los igualmente com seis amigas. Grace usa a matemática para ";10/7;0 7/10;;
IT006;12apples;"Lilth está selecionando maçãs boas de dois sacos cheios. Cada saco comporta 12 maçãs. No primeiro saco, ela selecionou 5 maçãs e, no segundo, 10. Em seguida, el";15/12;12/12;;
IT007;02watermelon;"Depois que Brittany dividiu a melancia igualmente para 4 pessoas, um de seus amigos gulosos, Bill, comeu 3 pedaços em vez de 1. Isso significa que Bill comeu 3/";3/4;3;;
IT008;02watermelon;"Depois que Brittany dividiu a melancia igualmente para 4 pessoas, um de seus amigos gulosos, Bill, comeu 3 pedaços em vez de 1. Isso significa que Bill comeu 3/";3/4;3/5;;
IT009;05flu;"Em uma semana, Danielle pegou gripe e teve que ficar em casa, sem ir à escola, por 3 dias. Uma semana tem 5 dias letivos. Use a reta numérica para mostrar a fra";3/5;7;;
IT010;20birthday;"Chad deu uma festa de aniversário e convidou muitos amigos. Havia tanta gente que precisaram de dois bolos para garantir que houvesse o suficiente. Cada bolo fo";15/8;14/8;;
IT011;11project;"Ivan tem um projeto para entregar em uma semana. Para não ser preguiçoso, ele dividiu o trabalho em 7 partes e decidiu concluir uma parte por dia. Depois de 5 d";5/7;5;;
IT012;20birthday;"Chad deu uma festa de aniversário e convidou muitos amigos. Havia tanta gente que precisaram de dois bolos para garantir que houvesse o suficiente. Cada bolo fo";15/8;16;;
IT013;04soccerSeason;"Alisha joga no time de futebol feminino da sua escola. Durante um dos jogos, ela torceu o tornozelo e perdeu o restante das partidas. Ela acabou jogando apenas ";3/4;4;;
IT014;12apples;"Lilth está selecionando maçãs boas de dois sacos cheios. Cada saco comporta 12 maçãs. No primeiro saco, ela selecionou 5 maçãs e, no segundo, 10. Em seguida, el";15/12;12;;
IT015;12apples;"Lilth está selecionando maçãs boas de dois sacos cheios. Cada saco comporta 12 maçãs. No primeiro saco, ela selecionou 5 maçãs e, no segundo, 10. Em seguida, el";15/12;15/12;;
IT016;21mnm;"Haley acabou de receber uma sacola de M&Ms de uma amiga e agora quer transferi-los para alguns potes. A sacola de M&Ms encheu completamente um pote e 1/3 do seg";4/3;marca 4/3 no local de 5/3 ou faz divisão errada;;
IT017;15fishStick;"Grace está numa situação muito complicada hoje. Ela comprou 10 palitos de peixe, mas precisa dividi-los igualmente com seis amigas. Grace usa a matemática para ";10/7;1 3/10;;
IT018;04soccerSeason;"Alisha joga no time de futebol feminino da sua escola. Durante um dos jogos, ela torceu o tornozelo e perdeu o restante das partidas. Ela acabou jogando apenas ";3/4;1 (ou 4/4);;
IT019;17pencils;"Amy está criando uma escultura única com lápis. Para prepará-la, ela comprou 2 dúzias de lápis, mas usou apenas 17 deles. Amy usou 17 dos lápis que comprou, mas";17/12;1.5;;
IT020;06lemonade;"Tim está dividindo uma jarra de limonada para 7 pessoas. Com muito cuidado, usando um copo medidor, Tim dividiu a limonada igualmente para todos, mas como demor";2/7;1;;
IT021;23textbookPack;"Leonard está empacotando 13 livros didáticos em algumas caixas. Na primeira caixa, Leonard consegue colocar exatamente 8 livros, sem deixar espaços vazios. Em s";13/8;numline:0/8,8/8,16/8;;
IT022;04soccerSeason;"Alisha joga no time de futebol feminino da sua escola. Durante um dos jogos, ela torceu o tornozelo e perdeu o restante das partidas. Ela acabou jogando apenas ";3/4;3/4 (mas invertido na hora de digitar: F2=4 e denom=3);;
IT023;04soccerSeason;"Alisha joga no time de futebol feminino da sua escola. Durante um dos jogos, ela torceu o tornozelo e perdeu o restante das partidas. Ela acabou jogando apenas ";3/4;1/4;;
IT024;13cleanRoom;"Chris queria andar de skate, mas sua mãe disse que ele precisava arrumar o quarto primeiro. Chris levou uma hora e quinze minutos, ou 5/4 horas, para arrumar o ";5/4;1/4;;
IT025;06lemonade;"Tim está dividindo uma jarra de limonada para 7 pessoas. Com muito cuidado, usando um copo medidor, Tim dividiu a limonada igualmente para todos, mas como demor";2/7;2;;
IT026;06lemonade;"Tim está dividindo uma jarra de limonada para 7 pessoas. Com muito cuidado, usando um copo medidor, Tim dividiu a limonada igualmente para todos, mas como demor";2/7;2/8;;
IT027;15fishStick;"Grace está numa situação muito complicada hoje. Ela comprou 10 palitos de peixe, mas precisa dividi-los igualmente com seis amigas. Grace usa a matemática para ";10/7;1 4/7;;
IT028;01watermelon;"Brittany comprou uma melancia para dividir com três amigas. Cada pedaço da melancia tinha o mesmo tamanho. Brittany comeu 1/4 da melancia. Use a reta numérica p";1/4;1/5;;
IT029;12apples;"Lilth está selecionando maçãs boas de dois sacos cheios. Cada saco comporta 12 maçãs. No primeiro saco, ela selecionou 5 maçãs e, no segundo, 10. Em seguida, el";15/12;14/12;;
IT030;03summerBooks;"Sally has to read 5 books for her summer assignment. So far, she has read 3 of the books. That is 3/5 of the assignment, and she is convinced that she has read ";3/5;4/5;;
IT031;09mathCompetition;"Mike participou de uma competição de matemática. Na competição, Mike recebeu um teste de matemática muito difícil. O teste era tão difícil que era considerado "";9/14;15;;
IT032;23textbookPack;"Leonard está empacotando 13 livros didáticos em algumas caixas. Na primeira caixa, Leonard consegue colocar exatamente 8 livros, sem deixar espaços vazios. Em s";13/8;5/13;;
IT033;20birthday;"Chad deu uma festa de aniversário e convidou muitos amigos. Havia tanta gente que precisaram de dois bolos para garantir que houvesse o suficiente. Cada bolo fo";15/8;8/15;;
IT034;18gum;"Steve tinha dois pacotes de chiclete. Cada pacote continha seis unidades. Ele deu uma unidade para cada um de seus onze amigos. O número total de chicletes que ";11/6;10;;
IT035;23textbookPack;"Leonard está empacotando 13 livros didáticos em algumas caixas. Na primeira caixa, Leonard consegue colocar exatamente 8 livros, sem deixar espaços vazios. Em s";13/8;987654;;
IT036;07pizza;"Bailey convidou uma amiga para jantar. Elas pediram uma pizza cortada em 8 fatias. Juntas, elas comeram 5 fatias. Use a reta numérica para mostrar a quantidade ";5/8;987654;;
IT037;15fishStick;"Grace está numa situação muito complicada hoje. Ela comprou 10 palitos de peixe, mas precisa dividi-los igualmente com seis amigas. Grace usa a matemática para ";10/7;10/7;;
IT038;16bonusQuestion;"Ryan fez uma prova na aula de história. A prova tinha seis questões, mais uma questão bônus. Ryan acertou TODAS as questões, incluindo a questão bônus! Portanto";7/6;7/6;;
IT039;01watermelon;"Brittany comprou uma melancia para dividir com três amigas. Cada pedaço da melancia tinha o mesmo tamanho. Brittany comeu 1/4 da melancia. Use a reta numérica p";1/4;1/4;;
IT040;14centimeter;"Mandy e Karyn têm uma avó no Canadá. Sempre que a visitam, a avó mede o quanto elas cresceram desde a última visita. Nesta visita, Karyn estava 13 milímetros ma";13/10;13;;
IT041;15fishStick;"Grace está numa situação muito complicada hoje. Ela comprou 10 palitos de peixe, mas precisa dividi-los igualmente com seis amigas. Grace usa a matemática para ";10/7;10;;
IT042;09mathCompetition;"Mike participou de uma competição de matemática. Na competição, Mike recebeu um teste de matemática muito difícil. O teste era tão difícil que era considerado "";9/14;10;;
IT043;04soccerSeason;"Alisha joga no time de futebol feminino da sua escola. Durante um dos jogos, ela torceu o tornozelo e perdeu o restante das partidas. Ela acabou jogando apenas ";3/4;3;;
IT044;07pizza;"Bailey convidou uma amiga para jantar. Elas pediram uma pizza cortada em 8 fatias. Juntas, elas comeram 5 fatias. Use a reta numérica para mostrar a quantidade ";5/8;5/8;;
IT045;19Painting;"BBrittany está mudando a posição do seu quadro na parede. Ela o moveu um pé para a direita, mas não foi suficiente. Então, Brittany o moveu mais um pé para a di";5/4;1/4;;
IT046;17pencils;"Amy está criando uma escultura única com lápis. Para prepará-la, ela comprou 2 dúzias de lápis, mas usou apenas 17 deles. Amy usou 17 dos lápis que comprou, mas";17/12;10;;
IT047;03summerBooks;"Sally has to read 5 books for her summer assignment. So far, she has read 3 of the books. That is 3/5 of the assignment, and she is convinced that she has read ";3/5;2/5;;
IT048;06lemonade;"Tim está dividindo uma jarra de limonada para 7 pessoas. Com muito cuidado, usando um copo medidor, Tim dividiu a limonada igualmente para todos, mas como demor";2/7;2/7;;
IT049;08dentists;"Vários dentistas foram solicitados a escolher entre duas pastas de dente: Marca X e Marca Y. Quatro em cada cinco dentistas disseram que preferiam a Marca X à M";4/5;1/4;;
IT050;11project;"Ivan tem um projeto para entregar em uma semana. Para não ser preguiçoso, ele dividiu o trabalho em 7 partes e decidiu concluir uma parte por dia. Depois de 5 d";5/7;6;;
IT051;23textbookPack;"Leonard está empacotando 13 livros didáticos em algumas caixas. Na primeira caixa, Leonard consegue colocar exatamente 8 livros, sem deixar espaços vazios. Em s";13/8;16;;
IT052;21mnm;"Haley acabou de receber uma sacola de M&Ms de uma amiga e agora quer transferi-los para alguns potes. A sacola de M&Ms encheu completamente um pote e 1/3 do seg";4/3;6;;
IT053;02watermelon;"Depois que Brittany dividiu a melancia igualmente para 4 pessoas, um de seus amigos gulosos, Bill, comeu 3 pedaços em vez de 1. Isso significa que Bill comeu 3/";3/4;5;;
IT054;05flu;"Em uma semana, Danielle pegou gripe e teve que ficar em casa, sem ir à escola, por 3 dias. Uma semana tem 5 dias letivos. Use a reta numérica para mostrar a fra";3/5;3;;
IT055;10children;"O Sr. e a Sra. Holsinger levaram seus 3 filhos a um parque à tarde. Quando chegaram lá, duas das crianças queriam nadar na piscina, enquanto a outra queria anda";2/3;987654;;
IT056;22biscuit;"Andrew está preparando seus biscoitos e chegou a hora de adicionar sal. Ele coloca uma colher de chá cheia de sal na massa e, em seguida, meia colher de chá. Qu";3/2;2/2;;
IT057;18gum;"Steve tinha dois pacotes de chiclete. Cada pacote continha seis unidades. Ele deu uma unidade para cada um de seus onze amigos. O número total de chicletes que ";11/6;2/6;;
IT058;01watermelon;"Brittany comprou uma melancia para dividir com três amigas. Cada pedaço da melancia tinha o mesmo tamanho. Brittany comeu 1/4 da melancia. Use a reta numérica p";1/4;1/3;;
IT059;18gum;"Steve tinha dois pacotes de chiclete. Cada pacote continha seis unidades. Ele deu uma unidade para cada um de seus onze amigos. O número total de chicletes que ";11/6;11/6;;
IT060;22biscuit;"Andrew está preparando seus biscoitos e chegou a hora de adicionar sal. Ele coloca uma colher de chá cheia de sal na massa e, em seguida, meia colher de chá. Qu";3/2;3;;
IT061;18gum;"Steve tinha dois pacotes de chiclete. Cada pacote continha seis unidades. Ele deu uma unidade para cada um de seus onze amigos. O número total de chicletes que ";11/6;11;;
IT062;21mnm;"Haley acabou de receber uma sacola de M&Ms de uma amiga e agora quer transferi-los para alguns potes. A sacola de M&Ms encheu completamente um pote e 1/3 do seg";4/3;5/3;;
IT063;06lemonade;"Tim está dividindo uma jarra de limonada para 7 pessoas. Com muito cuidado, usando um copo medidor, Tim dividiu a limonada igualmente para todos, mas como demor";2/7;5;;
IT064;21mnm;"Haley acabou de receber uma sacola de M&Ms de uma amiga e agora quer transferi-los para alguns potes. A sacola de M&Ms encheu completamente um pote e 1/3 do seg";4/3;1/3;;
IT065;17pencils;"Amy está criando uma escultura única com lápis. Para prepará-la, ela comprou 2 dúzias de lápis, mas usou apenas 17 deles. Amy usou 17 dos lápis que comprou, mas";17/12;1 6/12;;
IT066;11project;"Ivan tem um projeto para entregar em uma semana. Para não ser preguiçoso, ele dividiu o trabalho em 7 partes e decidiu concluir uma parte por dia. Depois de 5 d";5/7;4/7;;
IT067;13cleanRoom;"Chris queria andar de skate, mas sua mãe disse que ele precisava arrumar o quarto primeiro. Chris levou uma hora e quinze minutos, ou 5/4 horas, para arrumar o ";5/4;4/4;;
IT068;08dentists;"Vários dentistas foram solicitados a escolher entre duas pastas de dente: Marca X e Marca Y. Quatro em cada cinco dentistas disseram que preferiam a Marca X à M";4/5;5;;
IT069;08dentists;"Vários dentistas foram solicitados a escolher entre duas pastas de dente: Marca X e Marca Y. Quatro em cada cinco dentistas disseram que preferiam a Marca X à M";4/5;3/5;;
IT070;07pizza;"Bailey convidou uma amiga para jantar. Elas pediram uma pizza cortada em 8 fatias. Juntas, elas comeram 5 fatias. Use a reta numérica para mostrar a quantidade ";5/8;8;;
IT071;14centimeter;"Mandy e Karyn têm uma avó no Canadá. Sempre que a visitam, a avó mede o quanto elas cresceram desde a última visita. Nesta visita, Karyn estava 13 milímetros ma";13/10;13/100;;
IT072;18gum;"Steve tinha dois pacotes de chiclete. Cada pacote continha seis unidades. Ele deu uma unidade para cada um de seus onze amigos. O número total de chicletes que ";11/6;11/12;;
IT073;02watermelon;"Depois que Brittany dividiu a melancia igualmente para 4 pessoas, um de seus amigos gulosos, Bill, comeu 3 pedaços em vez de 1. Isso significa que Bill comeu 3/";3/4;4/3;;
IT074;21mnm;"Haley acabou de receber uma sacola de M&Ms de uma amiga e agora quer transferi-los para alguns potes. A sacola de M&Ms encheu completamente um pote e 1/3 do seg";4/3;4/2;;
IT075;20birthday;"Chad deu uma festa de aniversário e convidou muitos amigos. Havia tanta gente que precisaram de dois bolos para garantir que houvesse o suficiente. Cada bolo fo";15/8;1;;
IT076;13cleanRoom;"Chris queria andar de skate, mas sua mãe disse que ele precisava arrumar o quarto primeiro. Chris levou uma hora e quinze minutos, ou 5/4 horas, para arrumar o ";5/4;5/4;;
IT077;08dentists;"Vários dentistas foram solicitados a escolher entre duas pastas de dente: Marca X e Marca Y. Quatro em cada cinco dentistas disseram que preferiam a Marca X à M";4/5;4;;
IT078;23textbookPack;"Leonard está empacotando 13 livros didáticos em algumas caixas. Na primeira caixa, Leonard consegue colocar exatamente 8 livros, sem deixar espaços vazios. Em s";13/8;12/8;;
IT079;04soccerSeason;"Alisha joga no time de futebol feminino da sua escola. Durante um dos jogos, ela torceu o tornozelo e perdeu o restante das partidas. Ela acabou jogando apenas ";3/4;Ponto colocado sem divisão da reta;;
IT080;17pencils;"Amy está criando uma escultura única com lápis. Para prepará-la, ela comprou 2 dúzias de lápis, mas usou apenas 17 deles. Amy usou 17 dos lápis que comprou, mas";17/12;7;;
IT081;03summerBooks;"Sally has to read 5 books for her summer assignment. So far, she has read 3 of the books. That is 3/5 of the assignment, and she is convinced that she has read ";3/5;2;;
IT082;00bubble;"Você está tentando distribuir um pão igualmente para 5 pessoas. Cada pedaço de pão deve ter o mesmo tamanho, então você deu a cada pessoa exatamente 1/5 do pão.";1/5;6;;
IT083;16bonusQuestion;"Ryan fez uma prova na aula de história. A prova tinha seis questões, mais uma questão bônus. Ryan acertou TODAS as questões, incluindo a questão bônus! Portanto";7/6;6/6;;
IT084;06lemonade;"Tim está dividindo uma jarra de limonada para 7 pessoas. Com muito cuidado, usando um copo medidor, Tim dividiu a limonada igualmente para todos, mas como demor";2/7;8;;
IT085;06lemonade;"Tim está dividindo uma jarra de limonada para 7 pessoas. Com muito cuidado, usando um copo medidor, Tim dividiu a limonada igualmente para todos, mas como demor";2/7;1/7;;
IT086;07pizza;"Bailey convidou uma amiga para jantar. Elas pediram uma pizza cortada em 8 fatias. Juntas, elas comeram 5 fatias. Use a reta numérica para mostrar a quantidade ";5/8;10;;
IT087;13cleanRoom;"Chris queria andar de skate, mas sua mãe disse que ele precisava arrumar o quarto primeiro. Chris levou uma hora e quinze minutos, ou 5/4 horas, para arrumar o ";5/4;6;;
IT088;06lemonade;"Tim está dividindo uma jarra de limonada para 7 pessoas. Com muito cuidado, usando um copo medidor, Tim dividiu a limonada igualmente para todos, mas como demor";2/7;2 partes;;
IT089;17pencils;"Amy está criando uma escultura única com lápis. Para prepará-la, ela comprou 2 dúzias de lápis, mas usou apenas 17 deles. Amy usou 17 dos lápis que comprou, mas";17/12;5/7;;
IT090;23textbookPack;"Leonard está empacotando 13 livros didáticos em algumas caixas. Na primeira caixa, Leonard consegue colocar exatamente 8 livros, sem deixar espaços vazios. Em s";13/8;13/5;;
IT091;03summerBooks;"Sally has to read 5 books for her summer assignment. So far, she has read 3 of the books. That is 3/5 of the assignment, and she is convinced that she has read ";3/5;intervalo 0-5;;
IT092;02watermelon;"Depois que Brittany dividiu a melancia igualmente para 4 pessoas, um de seus amigos gulosos, Bill, comeu 3 pedaços em vez de 1. Isso significa que Bill comeu 3/";3/4;4;;
IT093;13cleanRoom;"Chris queria andar de skate, mas sua mãe disse que ele precisava arrumar o quarto primeiro. Chris levou uma hora e quinze minutos, ou 5/4 horas, para arrumar o ";5/4;987654;;
IT094;01watermelon;"Brittany comprou uma melancia para dividir com três amigas. Cada pedaço da melancia tinha o mesmo tamanho. Brittany comeu 1/4 da melancia. Use a reta numérica p";1/4;3;;
IT095;20birthday;"Chad deu uma festa de aniversário e convidou muitos amigos. Havia tanta gente que precisaram de dois bolos para garantir que houvesse o suficiente. Cada bolo fo";15/8;1 6/8;;
IT096;09mathCompetition;"Mike participou de uma competição de matemática. Na competição, Mike recebeu um teste de matemática muito difícil. O teste era tão difícil que era considerado "";9/14;9/23;;
IT097;00bubble;"Você está tentando distribuir um pão igualmente para 5 pessoas. Cada pedaço de pão deve ter o mesmo tamanho, então você deu a cada pessoa exatamente 1/5 do pão.";1/5;1/6;;
IT098;12apples;"Lilth está selecionando maçãs boas de dois sacos cheios. Cada saco comporta 12 maçãs. No primeiro saco, ela selecionou 5 maçãs e, no segundo, 10. Em seguida, el";15/12;24;;
IT099;12apples;"Lilth está selecionando maçãs boas de dois sacos cheios. Cada saco comporta 12 maçãs. No primeiro saco, ela selecionou 5 maçãs e, no segundo, 10. Em seguida, el";15/12;0.625;;
IT100;21mnm;"Haley acabou de receber uma sacola de M&Ms de uma amiga e agora quer transferi-los para alguns potes. A sacola de M&Ms encheu completamente um pote e 1/3 do seg";4/3;3/4;;
IT101;14centimeter;"Mandy e Karyn têm uma avó no Canadá. Sempre que a visitam, a avó mede o quanto elas cresceram desde a última visita. Nesta visita, Karyn estava 13 milímetros ma";13/10;10/13;;
IT102;09mathCompetition;"Mike participou de uma competição de matemática. Na competição, Mike recebeu um teste de matemática muito difícil. O teste era tão difícil que era considerado "";9/14;5;;
IT103;11project;"Ivan tem um projeto para entregar em uma semana. Para não ser preguiçoso, ele dividiu o trabalho em 7 partes e decidiu concluir uma parte por dia. Depois de 5 d";5/7;5/6;;
IT104;12apples;"Lilth está selecionando maçãs boas de dois sacos cheios. Cada saco comporta 12 maçãs. No primeiro saco, ela selecionou 5 maçãs e, no segundo, 10. Em seguida, el";15/12;3;;
IT105;09mathCompetition;"Mike participou de uma competição de matemática. Na competição, Mike recebeu um teste de matemática muito difícil. O teste era tão difícil que era considerado "";9/14;14;;
IT106;20birthday;"Chad deu uma festa de aniversário e convidou muitos amigos. Havia tanta gente que precisaram de dois bolos para garantir que houvesse o suficiente. Cada bolo fo";15/8;7;;
IT107;12apples;"Lilth está selecionando maçãs boas de dois sacos cheios. Cada saco comporta 12 maçãs. No primeiro saco, ela selecionou 5 maçãs e, no segundo, 10. Em seguida, el";15/12;987654;;
IT108;08dentists;"Vários dentistas foram solicitados a escolher entre duas pastas de dente: Marca X e Marca Y. Quatro em cada cinco dentistas disseram que preferiam a Marca X à M";4/5;0,1,2,3,4,5;;
IT109;12apples;"Lilth está selecionando maçãs boas de dois sacos cheios. Cada saco comporta 12 maçãs. No primeiro saco, ela selecionou 5 maçãs e, no segundo, 10. Em seguida, el";15/12;10;;
IT110;00bubble;"Você está tentando distribuir um pão igualmente para 5 pessoas. Cada pedaço de pão deve ter o mesmo tamanho, então você deu a cada pessoa exatamente 1/5 do pão.";1/5;4 divisões;;
IT111;11project;"Ivan tem um projeto para entregar em uma semana. Para não ser preguiçoso, ele dividiu o trabalho em 7 partes e decidiu concluir uma parte por dia. Depois de 5 d";5/7;8;;
IT112;16bonusQuestion;"Ryan fez uma prova na aula de história. A prova tinha seis questões, mais uma questão bônus. Ryan acertou TODAS as questões, incluindo a questão bônus! Portanto";7/6;987654;;
IT113;09mathCompetition;"Mike participou de uma competição de matemática. Na competição, Mike recebeu um teste de matemática muito difícil. O teste era tão difícil que era considerado "";9/14;987654;;
IT114;06lemonade;"Tim está dividindo uma jarra de limonada para 7 pessoas. Com muito cuidado, usando um copo medidor, Tim dividiu a limonada igualmente para todos, mas como demor";2/7;2/5;;
IT115;15fishStick;"Grace está numa situação muito complicada hoje. Ela comprou 10 palitos de peixe, mas precisa dividi-los igualmente com seis amigas. Grace usa a matemática para ";10/7;3/7;;
IT116;18gum;"Steve tinha dois pacotes de chiclete. Cada pacote continha seis unidades. Ele deu uma unidade para cada um de seus onze amigos. O número total de chicletes que ";11/6;2;;
IT117;19Painting;"BBrittany está mudando a posição do seu quadro na parede. Ela o moveu um pé para a direita, mas não foi suficiente. Então, Brittany o moveu mais um pé para a di";5/4;4;;
IT118;23textbookPack;"Leonard está empacotando 13 livros didáticos em algumas caixas. Na primeira caixa, Leonard consegue colocar exatamente 8 livros, sem deixar espaços vazios. Em s";13/8;13/8;;
IT119;05flu;"Em uma semana, Danielle pegou gripe e teve que ficar em casa, sem ir à escola, por 3 dias. Uma semana tem 5 dias letivos. Use a reta numérica para mostrar a fra";3/5;5/3;;
IT120;03summerBooks;"Sally has to read 5 books for her summer assignment. So far, she has read 3 of the books. That is 3/5 of the assignment, and she is convinced that she has read ";3/5;menor que 1/2;;
IT121;15fishStick;"Grace está numa situação muito complicada hoje. Ela comprou 10 palitos de peixe, mas precisa dividi-los igualmente com seis amigas. Grace usa a matemática para ";10/7;6;;
IT122;11project;"Ivan tem um projeto para entregar em uma semana. Para não ser preguiçoso, ele dividiu o trabalho em 7 partes e decidiu concluir uma parte por dia. Depois de 5 d";5/7;7/5;;
IT123;09mathCompetition;"Mike participou de uma competição de matemática. Na competição, Mike recebeu um teste de matemática muito difícil. O teste era tão difícil que era considerado "";9/14;9;;
IT124;15fishStick;"Grace está numa situação muito complicada hoje. Ela comprou 10 palitos de peixe, mas precisa dividi-los igualmente com seis amigas. Grace usa a matemática para ";10/7;3 1/7;;
IT125;02watermelon;"Depois que Brittany dividiu a melancia igualmente para 4 pessoas, um de seus amigos gulosos, Bill, comeu 3 pedaços em vez de 1. Isso significa que Bill comeu 3/";3/4;divisão em 3 partes;;
IT126;08dentists;"Vários dentistas foram solicitados a escolher entre duas pastas de dente: Marca X e Marca Y. Quatro em cada cinco dentistas disseram que preferiam a Marca X à M";4/5;1/5;;
IT127;00bubble;"Você está tentando distribuir um pão igualmente para 5 pessoas. Cada pedaço de pão deve ter o mesmo tamanho, então você deu a cada pessoa exatamente 1/5 do pão.";1/5;2/5;;
IT128;23textbookPack;"Leonard está empacotando 13 livros didáticos em algumas caixas. Na primeira caixa, Leonard consegue colocar exatamente 8 livros, sem deixar espaços vazios. Em s";13/8;1 5/8;;
IT129;07pizza;"Bailey convidou uma amiga para jantar. Elas pediram uma pizza cortada em 8 fatias. Juntas, elas comeram 5 fatias. Use a reta numérica para mostrar a quantidade ";5/8;5;;
IT130;17pencils;"Amy está criando uma escultura única com lápis. Para prepará-la, ela comprou 2 dúzias de lápis, mas usou apenas 17 deles. Amy usou 17 dos lápis que comprou, mas";17/12;4;;
IT131;09mathCompetition;"Mike participou de uma competição de matemática. Na competição, Mike recebeu um teste de matemática muito difícil. O teste era tão difícil que era considerado "";9/14;0.5;;
IT132;08dentists;"Vários dentistas foram solicitados a escolher entre duas pastas de dente: Marca X e Marca Y. Quatro em cada cinco dentistas disseram que preferiam a Marca X à M";4/5;4/5;;
IT133;17pencils;"Amy está criando uma escultura única com lápis. Para prepará-la, ela comprou 2 dúzias de lápis, mas usou apenas 17 deles. Amy usou 17 dos lápis que comprou, mas";17/12;2;;
IT134;03summerBooks;"Sally has to read 5 books for her summer assignment. So far, she has read 3 of the books. That is 3/5 of the assignment, and she is convinced that she has read ";3/5;3/5;;
IT135;19Painting;"BBrittany está mudando a posição do seu quadro na parede. Ela o moveu um pé para a direita, mas não foi suficiente. Então, Brittany o moveu mais um pé para a di";5/4;6/4;;
IT136;21mnm;"Haley acabou de receber uma sacola de M&Ms de uma amiga e agora quer transferi-los para alguns potes. A sacola de M&Ms encheu completamente um pote e 1/3 do seg";4/3;1 1/3;;
IT137;09mathCompetition;"Mike participou de uma competição de matemática. Na competição, Mike recebeu um teste de matemática muito difícil. O teste era tão difícil que era considerado "";9/14;9/10;;
IT138;09mathCompetition;"Mike participou de uma competição de matemática. Na competição, Mike recebeu um teste de matemática muito difícil. O teste era tão difícil que era considerado "";9/14;9/14;;
IT139;12apples;"Lilth está selecionando maçãs boas de dois sacos cheios. Cada saco comporta 12 maçãs. No primeiro saco, ela selecionou 5 maçãs e, no segundo, 10. Em seguida, el";15/12;5;;
IT140;14centimeter;"Mandy e Karyn têm uma avó no Canadá. Sempre que a visitam, a avó mede o quanto elas cresceram desde a última visita. Nesta visita, Karyn estava 13 milímetros ma";13/10;1 3/13;;
IT141;12apples;"Lilth está selecionando maçãs boas de dois sacos cheios. Cada saco comporta 12 maçãs. No primeiro saco, ela selecionou 5 maçãs e, no segundo, 10. Em seguida, el";15/12;14;;
IT142;08dentists;"Vários dentistas foram solicitados a escolher entre duas pastas de dente: Marca X e Marca Y. Quatro em cada cinco dentistas disseram que preferiam a Marca X à M";4/5;9;;
IT143;09mathCompetition;"Mike participou de uma competição de matemática. Na competição, Mike recebeu um teste de matemática muito difícil. O teste era tão difícil que era considerado "";9/14;9/9;;
IT144;05flu;"Em uma semana, Danielle pegou gripe e teve que ficar em casa, sem ir à escola, por 3 dias. Uma semana tem 5 dias letivos. Use a reta numérica para mostrar a fra";3/5;3/4;;
IT145;18gum;"Steve tinha dois pacotes de chiclete. Cada pacote continha seis unidades. Ele deu uma unidade para cada um de seus onze amigos. O número total de chicletes que ";11/6;12;;
IT146;16bonusQuestion;"Ryan fez uma prova na aula de história. A prova tinha seis questões, mais uma questão bônus. Ryan acertou TODAS as questões, incluindo a questão bônus! Portanto";7/6;8/6;;
IT147;00bubble;"Você está tentando distribuir um pão igualmente para 5 pessoas. Cada pedaço de pão deve ter o mesmo tamanho, então você deu a cada pessoa exatamente 1/5 do pão.";1/5;4;;
IT148;16bonusQuestion;"Ryan fez uma prova na aula de história. A prova tinha seis questões, mais uma questão bônus. Ryan acertou TODAS as questões, incluindo a questão bônus! Portanto";7/6;1/6;;
IT149;23textbookPack;"Leonard está empacotando 13 livros didáticos em algumas caixas. Na primeira caixa, Leonard consegue colocar exatamente 8 livros, sem deixar espaços vazios. Em s";13/8;1 5/13;;
IT150;17pencils;"Amy está criando uma escultura única com lápis. Para prepará-la, ela comprou 2 dúzias de lápis, mas usou apenas 17 deles. Amy usou 17 dos lápis que comprou, mas";17/12;17;;
IT151;03summerBooks;"Sally has to read 5 books for her summer assignment. So far, she has read 3 of the books. That is 3/5 of the assignment, and she is convinced that she has read ";3/5;5;;
IT152;00bubble;"Você está tentando distribuir um pão igualmente para 5 pessoas. Cada pedaço de pão deve ter o mesmo tamanho, então você deu a cada pessoa exatamente 1/5 do pão.";1/5;0;;
IT153;18gum;"Steve tinha dois pacotes de chiclete. Cada pacote continha seis unidades. Ele deu uma unidade para cada um de seus onze amigos. O número total de chicletes que ";11/6;6;;
IT154;14centimeter;"Mandy e Karyn têm uma avó no Canadá. Sempre que a visitam, a avó mede o quanto elas cresceram desde a última visita. Nesta visita, Karyn estava 13 milímetros ma";13/10;13/10 em ~0.13;;
IT155;22biscuit;"Andrew está preparando seus biscoitos e chegou a hora de adicionar sal. Ele coloca uma colher de chá cheia de sal na massa e, em seguida, meia colher de chá. Qu";3/2;2/3;;
IT156;09mathCompetition;"Mike participou de uma competição de matemática. Na competição, Mike recebeu um teste de matemática muito difícil. O teste era tão difícil que era considerado "";9/14;7;;
IT157;15fishStick;"Grace está numa situação muito complicada hoje. Ela comprou 10 palitos de peixe, mas precisa dividi-los igualmente com seis amigas. Grace usa a matemática para ";10/7;9/7;;
IT158;14centimeter;"Mandy e Karyn têm uma avó no Canadá. Sempre que a visitam, a avó mede o quanto elas cresceram desde a última visita. Nesta visita, Karyn estava 13 milímetros ma";13/10;0.9;;
IT159;19Painting;"BBrittany está mudando a posição do seu quadro na parede. Ela o moveu um pé para a direita, mas não foi suficiente. Então, Brittany o moveu mais um pé para a di";5/4;0 1/4;;
IT160;17pencils;"Amy está criando uma escultura única com lápis. Para prepará-la, ela comprou 2 dúzias de lápis, mas usou apenas 17 deles. Amy usou 17 dos lápis que comprou, mas";17/12;987654;;
IT161;22biscuit;"Andrew está preparando seus biscoitos e chegou a hora de adicionar sal. Ele coloca uma colher de chá cheia de sal na massa e, em seguida, meia colher de chá. Qu";3/2;1/3;;
IT162;14centimeter;"Mandy e Karyn têm uma avó no Canadá. Sempre que a visitam, a avó mede o quanto elas cresceram desde a última visita. Nesta visita, Karyn estava 13 milímetros ma";13/10;13/10 entre 0 e 1;;
IT163;01watermelon;"Brittany comprou uma melancia para dividir com três amigas. Cada pedaço da melancia tinha o mesmo tamanho. Brittany comeu 1/4 da melancia. Use a reta numérica p";1/4;5;;
IT164;20birthday;"Chad deu uma festa de aniversário e convidou muitos amigos. Havia tanta gente que precisaram de dois bolos para garantir que houvesse o suficiente. Cada bolo fo";15/8;7/8;;
IT165;14centimeter;"Mandy e Karyn têm uma avó no Canadá. Sempre que a visitam, a avó mede o quanto elas cresceram desde a última visita. Nesta visita, Karyn estava 13 milímetros ma";13/10;F1=13, F2=3, denom=10;;
IT166;23textbookPack;"Leonard está empacotando 13 livros didáticos em algumas caixas. Na primeira caixa, Leonard consegue colocar exatamente 8 livros, sem deixar espaços vazios. Em s";13/8;13/2;;
IT167;04soccerSeason;"Alisha joga no time de futebol feminino da sua escola. Durante um dos jogos, ela torceu o tornozelo e perdeu o restante das partidas. Ela acabou jogando apenas ";3/4;5;;
IT168;15fishStick;"Grace está numa situação muito complicada hoje. Ela comprou 10 palitos de peixe, mas precisa dividi-los igualmente com seis amigas. Grace usa a matemática para ";10/7;1;;
IT169;19Painting;"BBrittany está mudando a posição do seu quadro na parede. Ela o moveu um pé para a direita, mas não foi suficiente. Então, Brittany o moveu mais um pé para a di";5/4;1 1/4;;
IT170;04soccerSeason;"Alisha joga no time de futebol feminino da sua escola. Durante um dos jogos, ela torceu o tornozelo e perdeu o restante das partidas. Ela acabou jogando apenas ";3/4;3/4;;
IT171;17pencils;"Amy está criando uma escultura única com lápis. Para prepará-la, ela comprou 2 dúzias de lápis, mas usou apenas 17 deles. Amy usou 17 dos lápis que comprou, mas";17/12;6;;
IT172;08dentists;"Vários dentistas foram solicitados a escolher entre duas pastas de dente: Marca X e Marca Y. Quatro em cada cinco dentistas disseram que preferiam a Marca X à M";4/5;2;;
IT173;19Painting;"BBrittany está mudando a posição do seu quadro na parede. Ela o moveu um pé para a direita, mas não foi suficiente. Então, Brittany o moveu mais um pé para a di";5/4;987654;;
IT174;03summerBooks;"Sally has to read 5 books for her summer assignment. So far, she has read 3 of the books. That is 3/5 of the assignment, and she is convinced that she has read ";3/5;987654;;
IT175;04soccerSeason;"Alisha joga no time de futebol feminino da sua escola. Durante um dos jogos, ela torceu o tornozelo e perdeu o restante das partidas. Ela acabou jogando apenas ";3/4;Ponto na posição 3;;
IT176;14centimeter;"Mandy e Karyn têm uma avó no Canadá. Sempre que a visitam, a avó mede o quanto elas cresceram desde a última visita. Nesta visita, Karyn estava 13 milímetros ma";13/10;posição entre 0 e 1;;
IT177;09mathCompetition;"Mike participou de uma competição de matemática. Na competição, Mike recebeu um teste de matemática muito difícil. O teste era tão difícil que era considerado "";9/14;13;;
IT178;13cleanRoom;"Chris queria andar de skate, mas sua mãe disse que ele precisava arrumar o quarto primeiro. Chris levou uma hora e quinze minutos, ou 5/4 horas, para arrumar o ";5/4;4/5;;
IT179;05flu;"Em uma semana, Danielle pegou gripe e teve que ficar em casa, sem ir à escola, por 3 dias. Uma semana tem 5 dias letivos. Use a reta numérica para mostrar a fra";3/5;4;;
IT180;11project;"Ivan tem um projeto para entregar em uma semana. Para não ser preguiçoso, ele dividiu o trabalho em 7 partes e decidiu concluir uma parte por dia. Depois de 5 d";5/7;987654;;
IT181;04soccerSeason;"Alisha joga no time de futebol feminino da sua escola. Durante um dos jogos, ela torceu o tornozelo e perdeu o restante das partidas. Ela acabou jogando apenas ";3/4;F1=0, F2=4;;
IT182;00bubble;"Você está tentando distribuir um pão igualmente para 5 pessoas. Cada pedaço de pão deve ter o mesmo tamanho, então você deu a cada pessoa exatamente 1/5 do pão.";1/5;-/5;;
IT183;10children;"O Sr. e a Sra. Holsinger levaram seus 3 filhos a um parque à tarde. Quando chegaram lá, duas das crianças queriam nadar na piscina, enquanto a outra queria anda";2/3;1/3;;
IT184;14centimeter;"Mandy e Karyn têm uma avó no Canadá. Sempre que a visitam, a avó mede o quanto elas cresceram desde a última visita. Nesta visita, Karyn estava 13 milímetros ma";13/10;1/10;;
IT185;05flu;"Em uma semana, Danielle pegou gripe e teve que ficar em casa, sem ir à escola, por 3 dias. Uma semana tem 5 dias letivos. Use a reta numérica para mostrar a fra";3/5;1/5;;
IT186;16bonusQuestion;"Ryan fez uma prova na aula de história. A prova tinha seis questões, mais uma questão bônus. Ryan acertou TODAS as questões, incluindo a questão bônus! Portanto";7/6;1 1/6 (deslocado);;
IT187;18gum;"Steve tinha dois pacotes de chiclete. Cada pacote continha seis unidades. Ele deu uma unidade para cada um de seus onze amigos. O número total de chicletes que ";11/6;10/6;;
IT188;17pencils;"Amy está criando uma escultura única com lápis. Para prepará-la, ela comprou 2 dúzias de lápis, mas usou apenas 17 deles. Amy usou 17 dos lápis que comprou, mas";17/12;12/17;;
IT189;17pencils;"Amy está criando uma escultura única com lápis. Para prepará-la, ela comprou 2 dúzias de lápis, mas usou apenas 17 deles. Amy usou 17 dos lápis que comprou, mas";17/12;17/2;;
IT190;14centimeter;"Mandy e Karyn têm uma avó no Canadá. Sempre que a visitam, a avó mede o quanto elas cresceram desde a última visita. Nesta visita, Karyn estava 13 milímetros ma";13/10;100;;
IT191;21mnm;"Haley acabou de receber uma sacola de M&Ms de uma amiga e agora quer transferi-los para alguns potes. A sacola de M&Ms encheu completamente um pote e 1/3 do seg";4/3;5;;
IT192;20birthday;"Chad deu uma festa de aniversário e convidou muitos amigos. Havia tanta gente que precisaram de dois bolos para garantir que houvesse o suficiente. Cada bolo fo";15/8;15/16;;
IT193;21mnm;"Haley acabou de receber uma sacola de M&Ms de uma amiga e agora quer transferi-los para alguns potes. A sacola de M&Ms encheu completamente um pote e 1/3 do seg";4/3;4;;
IT194;15fishStick;"Grace está numa situação muito complicada hoje. Ela comprou 10 palitos de peixe, mas precisa dividi-los igualmente com seis amigas. Grace usa a matemática para ";10/7;1.7;;
IT195;20birthday;"Chad deu uma festa de aniversário e convidou muitos amigos. Havia tanta gente que precisaram de dois bolos para garantir que houvesse o suficiente. Cada bolo fo";15/8;1_7/8;;
IT196;01watermelon;"Brittany comprou uma melancia para dividir com três amigas. Cada pedaço da melancia tinha o mesmo tamanho. Brittany comeu 1/4 da melancia. Use a reta numérica p";1/4;1;;
IT197;07pizza;"Bailey convidou uma amiga para jantar. Elas pediram uma pizza cortada em 8 fatias. Juntas, elas comeram 5 fatias. Use a reta numérica para mostrar a quantidade ";5/8;6/8;;
IT198;22biscuit;"Andrew está preparando seus biscoitos e chegou a hora de adicionar sal. Ele coloca uma colher de chá cheia de sal na massa e, em seguida, meia colher de chá. Qu";3/2;3/2;;
IT199;06lemonade;"Tim está dividindo uma jarra de limonada para 7 pessoas. Com muito cuidado, usando um copo medidor, Tim dividiu a limonada igualmente para todos, mas como demor";2/7;5/7;;
IT200;20birthday;"Chad deu uma festa de aniversário e convidou muitos amigos. Havia tanta gente que precisaram de dois bolos para garantir que houvesse o suficiente. Cada bolo fo";15/8;15/8;;
IT201;15fishStick;"Grace está numa situação muito complicada hoje. Ela comprou 10 palitos de peixe, mas precisa dividi-los igualmente com seis amigas. Grace usa a matemática para ";10/7;3;;
IT202;07pizza;"Bailey convidou uma amiga para jantar. Elas pediram uma pizza cortada em 8 fatias. Juntas, elas comeram 5 fatias. Use a reta numérica para mostrar a quantidade ";5/8;3/8;;
IT203;08dentists;"Vários dentistas foram solicitados a escolher entre duas pastas de dente: Marca X e Marca Y. Quatro em cada cinco dentistas disseram que preferiam a Marca X à M";4/5;987654;;
IT204;17pencils;"Amy está criando uma escultura única com lápis. Para prepará-la, ela comprou 2 dúzias de lápis, mas usou apenas 17 deles. Amy usou 17 dos lápis que comprou, mas";17/12;17/12;;
IT205;18gum;"Steve tinha dois pacotes de chiclete. Cada pacote continha seis unidades. Ele deu uma unidade para cada um de seus onze amigos. O número total de chicletes que ";11/6;11/2;;
IT206;10children;"O Sr. e a Sra. Holsinger levaram seus 3 filhos a um parque à tarde. Quando chegaram lá, duas das crianças queriam nadar na piscina, enquanto a outra queria anda";2/3;3;;
IT207;15fishStick;"Grace está numa situação muito complicada hoje. Ela comprou 10 palitos de peixe, mas precisa dividi-los igualmente com seis amigas. Grace usa a matemática para ";10/7;987654;;
IT208;23textbookPack;"Leonard está empacotando 13 livros didáticos em algumas caixas. Na primeira caixa, Leonard consegue colocar exatamente 8 livros, sem deixar espaços vazios. Em s";13/8;8;;
IT209;22biscuit;"Andrew está preparando seus biscoitos e chegou a hora de adicionar sal. Ele coloca uma colher de chá cheia de sal na massa e, em seguida, meia colher de chá. Qu";3/2;2;;
IT210;18gum;"Steve tinha dois pacotes de chiclete. Cada pacote continha seis unidades. Ele deu uma unidade para cada um de seus onze amigos. O número total de chicletes que ";11/6;6/11;;
IT211;05flu;"Em uma semana, Danielle pegou gripe e teve que ficar em casa, sem ir à escola, por 3 dias. Uma semana tem 5 dias letivos. Use a reta numérica para mostrar a fra";3/5;2/5;;
IT212;10children;"O Sr. e a Sra. Holsinger levaram seus 3 filhos a um parque à tarde. Quando chegaram lá, duas das crianças queriam nadar na piscina, enquanto a outra queria anda";2/3;3/2;;
IT213;20birthday;"Chad deu uma festa de aniversário e convidou muitos amigos. Havia tanta gente que precisaram de dois bolos para garantir que houvesse o suficiente. Cada bolo fo";15/8;0.9;;
IT214;15fishStick;"Grace está numa situação muito complicada hoje. Ela comprou 10 palitos de peixe, mas precisa dividi-los igualmente com seis amigas. Grace usa a matemática para ";10/7;10/6;;
IT215;05flu;"Em uma semana, Danielle pegou gripe e teve que ficar em casa, sem ir à escola, por 3 dias. Uma semana tem 5 dias letivos. Use a reta numérica para mostrar a fra";3/5;3/7;;
IT216;14centimeter;"Mandy e Karyn têm uma avó no Canadá. Sempre que a visitam, a avó mede o quanto elas cresceram desde a última visita. Nesta visita, Karyn estava 13 milímetros ma";13/10;12/10;;
IT217;02watermelon;"Depois que Brittany dividiu a melancia igualmente para 4 pessoas, um de seus amigos gulosos, Bill, comeu 3 pedaços em vez de 1. Isso significa que Bill comeu 3/";3/4;2/4;;
IT218;23textbookPack;"Leonard está empacotando 13 livros didáticos em algumas caixas. Na primeira caixa, Leonard consegue colocar exatamente 8 livros, sem deixar espaços vazios. Em s";13/8;5/8;;
IT219;14centimeter;"Mandy e Karyn têm uma avó no Canadá. Sempre que a visitam, a avó mede o quanto elas cresceram desde a última visita. Nesta visita, Karyn estava 13 milímetros ma";13/10;10;;
IT220;22biscuit;"Andrew está preparando seus biscoitos e chegou a hora de adicionar sal. Ele coloca uma colher de chá cheia de sal na massa e, em seguida, meia colher de chá. Qu";3/2;1/2;;
IT221;03summerBooks;"Sally has to read 5 books for her summer assignment. So far, she has read 3 of the books. That is 3/5 of the assignment, and she is convinced that she has read ";3/5;5/3;;
IT222;16bonusQuestion;"Ryan fez uma prova na aula de história. A prova tinha seis questões, mais uma questão bônus. Ryan acertou TODAS as questões, incluindo a questão bônus! Portanto";7/6;7;;
IT223;21mnm;"Haley acabou de receber uma sacola de M&Ms de uma amiga e agora quer transferi-los para alguns potes. A sacola de M&Ms encheu completamente um pote e 1/3 do seg";4/3;987654;;
IT224;01watermelon;"Brittany comprou uma melancia para dividir com três amigas. Cada pedaço da melancia tinha o mesmo tamanho. Brittany comeu 1/4 da melancia. Use a reta numérica p";1/4;987654;;
IT225;14centimeter;"Mandy e Karyn têm uma avó no Canadá. Sempre que a visitam, a avó mede o quanto elas cresceram desde a última visita. Nesta visita, Karyn estava 13 milímetros ma";13/10;987654;;
IT226;20birthday;"Chad deu uma festa de aniversário e convidou muitos amigos. Havia tanta gente que precisaram de dois bolos para garantir que houvesse o suficiente. Cada bolo fo";15/8;14;;
IT227;08dentists;"Vários dentistas foram solicitados a escolher entre duas pastas de dente: Marca X e Marca Y. Quatro em cada cinco dentistas disseram que preferiam a Marca X à M";4/5;1;;
IT228;14centimeter;"Mandy e Karyn têm uma avó no Canadá. Sempre que a visitam, a avó mede o quanto elas cresceram desde a última visita. Nesta visita, Karyn estava 13 milímetros ma";13/10;13/10;;
IT229;02watermelon;"Depois que Brittany dividiu a melancia igualmente para 4 pessoas, um de seus amigos gulosos, Bill, comeu 3 pedaços em vez de 1. Isso significa que Bill comeu 3/";3/4;1;;
IT230;03summerBooks;"Sally has to read 5 books for her summer assignment. So far, she has read 3 of the books. That is 3/5 of the assignment, and she is convinced that she has read ";3/5;4;;
IT231;12apples;"Lilth está selecionando maçãs boas de dois sacos cheios. Cada saco comporta 12 maçãs. No primeiro saco, ela selecionou 5 maçãs e, no segundo, 10. Em seguida, el";15/12;0.9;;
IT232;23textbookPack;"Leonard está empacotando 13 livros didáticos em algumas caixas. Na primeira caixa, Leonard consegue colocar exatamente 8 livros, sem deixar espaços vazios. Em s";13/8;1;;
IT233;18gum;"Steve tinha dois pacotes de chiclete. Cada pacote continha seis unidades. Ele deu uma unidade para cada um de seus onze amigos. O número total de chicletes que ";11/6;987654;;
IT234;17pencils;"Amy está criando uma escultura única com lápis. Para prepará-la, ela comprou 2 dúzias de lápis, mas usou apenas 17 deles. Amy usou 17 dos lápis que comprou, mas";17/12;1 10/12;;
IT235;03summerBooks;"Sally has to read 5 books for her summer assignment. So far, she has read 3 of the books. That is 3/5 of the assignment, and she is convinced that she has read ";3/5;1;;
IT236;02watermelon;"Depois que Brittany dividiu a melancia igualmente para 4 pessoas, um de seus amigos gulosos, Bill, comeu 3 pedaços em vez de 1. Isso significa que Bill comeu 3/";3/4;987654;;
IT237;13cleanRoom;"Chris queria andar de skate, mas sua mãe disse que ele precisava arrumar o quarto primeiro. Chris levou uma hora e quinze minutos, ou 5/4 horas, para arrumar o ";5/4;denom=5;;
IT238;18gum;"Steve tinha dois pacotes de chiclete. Cada pacote continha seis unidades. Ele deu uma unidade para cada um de seus onze amigos. O número total de chicletes que ";11/6;5/6;;
IT239;01watermelon;"Brittany comprou uma melancia para dividir com três amigas. Cada pedaço da melancia tinha o mesmo tamanho. Brittany comeu 1/4 da melancia. Use a reta numérica p";1/4;3/4;;
IT240;07pizza;"Bailey convidou uma amiga para jantar. Elas pediram uma pizza cortada em 8 fatias. Juntas, elas comeram 5 fatias. Use a reta numérica para mostrar a quantidade ";5/8;4/8;;
IT241;09mathCompetition;"Mike participou de uma competição de matemática. Na competição, Mike recebeu um teste de matemática muito difícil. O teste era tão difícil que era considerado "";9/14;5/14;;
IT242;03summerBooks;"Sally has to read 5 books for her summer assignment. So far, she has read 3 of the books. That is 3/5 of the assignment, and she is convinced that she has read ";3/5;menos da metade;;
IT243;00bubble;"Você está tentando distribuir um pão igualmente para 5 pessoas. Cada pedaço de pão deve ter o mesmo tamanho, então você deu a cada pessoa exatamente 1/5 do pão.";1/5;1;;
IT244;17pencils;"Amy está criando uma escultura única com lápis. Para prepará-la, ela comprou 2 dúzias de lápis, mas usou apenas 17 deles. Amy usou 17 dos lápis que comprou, mas";17/12;1;;
IT245;23textbookPack;"Leonard está empacotando 13 livros didáticos em algumas caixas. Na primeira caixa, Leonard consegue colocar exatamente 8 livros, sem deixar espaços vazios. Em s";13/8;2;;
IT246;20birthday;"Chad deu uma festa de aniversário e convidou muitos amigos. Havia tanta gente que precisaram de dois bolos para garantir que houvesse o suficiente. Cada bolo fo";15/8;8;;
IT247;19Painting;"BBrittany está mudando a posição do seu quadro na parede. Ela o moveu um pé para a direita, mas não foi suficiente. Então, Brittany o moveu mais um pé para a di";5/4;2/5;;
IT248;04soccerSeason;"Alisha joga no time de futebol feminino da sua escola. Durante um dos jogos, ela torceu o tornozelo e perdeu o restante das partidas. Ela acabou jogando apenas ";3/4;4/3;;
IT249;14centimeter;"Mandy e Karyn têm uma avó no Canadá. Sempre que a visitam, a avó mede o quanto elas cresceram desde a última visita. Nesta visita, Karyn estava 13 milímetros ma";13/10;3;;
IT250;23textbookPack;"Leonard está empacotando 13 livros didáticos em algumas caixas. Na primeira caixa, Leonard consegue colocar exatamente 8 livros, sem deixar espaços vazios. Em s";13/8;8/13;;
IT251;15fishStick;"Grace está numa situação muito complicada hoje. Ela comprou 10 palitos de peixe, mas precisa dividi-los igualmente com seis amigas. Grace usa a matemática para ";10/7;0;;
IT252;11project;"Ivan tem um projeto para entregar em uma semana. Para não ser preguiçoso, ele dividiu o trabalho em 7 partes e decidiu concluir uma parte por dia. Depois de 5 d";5/7;2/7;;
IT253;09mathCompetition;"Mike participou de uma competição de matemática. Na competição, Mike recebeu um teste de matemática muito difícil. O teste era tão difícil que era considerado "";9/14;9/13;;
IT254;17pencils;"Amy está criando uma escultura única com lápis. Para prepará-la, ela comprou 2 dúzias de lápis, mas usou apenas 17 deles. Amy usou 17 dos lápis que comprou, mas";17/12;12;;
IT255;14centimeter;"Mandy e Karyn têm uma avó no Canadá. Sempre que a visitam, a avó mede o quanto elas cresceram desde a última visita. Nesta visita, Karyn estava 13 milímetros ma";13/10;1 13/10;;
IT256;12apples;"Lilth está selecionando maçãs boas de dois sacos cheios. Cada saco comporta 12 maçãs. No primeiro saco, ela selecionou 5 maçãs e, no segundo, 10. Em seguida, el";15/12;3/12;;
IT257;22biscuit;"Andrew está preparando seus biscoitos e chegou a hora de adicionar sal. Ele coloca uma colher de chá cheia de sal na massa e, em seguida, meia colher de chá. Qu";3/2;987654;;
IT258;14centimeter;"Mandy e Karyn têm uma avó no Canadá. Sempre que a visitam, a avó mede o quanto elas cresceram desde a última visita. Nesta visita, Karyn estava 13 milímetros ma";13/10;0-2;;
IT259;22biscuit;"Andrew está preparando seus biscoitos e chegou a hora de adicionar sal. Ele coloca uma colher de chá cheia de sal na massa e, em seguida, meia colher de chá. Qu";3/2;2.5;;
IT260;01watermelon;"Brittany comprou uma melancia para dividir com três amigas. Cada pedaço da melancia tinha o mesmo tamanho. Brittany comeu 1/4 da melancia. Use a reta numérica p";1/4;0/4;;
IT261;19Painting;"BBrittany está mudando a posição do seu quadro na parede. Ela o moveu um pé para a direita, mas não foi suficiente. Então, Brittany o moveu mais um pé para a di";5/4;2/4;;
IT262;05flu;"Em uma semana, Danielle pegou gripe e teve que ficar em casa, sem ir à escola, por 3 dias. Uma semana tem 5 dias letivos. Use a reta numérica para mostrar a fra";3/5;987654;;
IT263;05flu;"Em uma semana, Danielle pegou gripe e teve que ficar em casa, sem ir à escola, por 3 dias. Uma semana tem 5 dias letivos. Use a reta numérica para mostrar a fra";3/5;3/5;;
IT264;20birthday;"Chad deu uma festa de aniversário e convidou muitos amigos. Havia tanta gente que precisaram de dois bolos para garantir que houvesse o suficiente. Cada bolo fo";15/8;reta dividida em 2 partes (0-1, 1-2);;
IT265;09mathCompetition;"Mike participou de uma competição de matemática. Na competição, Mike recebeu um teste de matemática muito difícil. O teste era tão difícil que era considerado "";9/14;8/14;;
IT266;12apples;"Lilth está selecionando maçãs boas de dois sacos cheios. Cada saco comporta 12 maçãs. No primeiro saco, ela selecionou 5 maçãs e, no segundo, 10. Em seguida, el";15/12;0.8;;
IT267;06lemonade;"Tim está dividindo uma jarra de limonada para 7 pessoas. Com muito cuidado, usando um copo medidor, Tim dividiu a limonada igualmente para todos, mas como demor";2/7;7/2;;
IT268;12apples;"Lilth está selecionando maçãs boas de dois sacos cheios. Cada saco comporta 12 maçãs. No primeiro saco, ela selecionou 5 maçãs e, no segundo, 10. Em seguida, el";15/12;27/12;;
IT269;07pizza;"Bailey convidou uma amiga para jantar. Elas pediram uma pizza cortada em 8 fatias. Juntas, elas comeram 5 fatias. Use a reta numérica para mostrar a quantidade ";5/8;9;;
IT270;00bubble;"Você está tentando distribuir um pão igualmente para 5 pessoas. Cada pedaço de pão deve ter o mesmo tamanho, então você deu a cada pessoa exatamente 1/5 do pão.";1/5;1/5;;
IT271;17pencils;"Amy está criando uma escultura única com lápis. Para prepará-la, ela comprou 2 dúzias de lápis, mas usou apenas 17 deles. Amy usou 17 dos lápis que comprou, mas";17/12;24;;
IT272;01watermelon;"Brittany comprou uma melancia para dividir com três amigas. Cada pedaço da melancia tinha o mesmo tamanho. Brittany comeu 1/4 da melancia. Use a reta numérica p";1/4;2;;
IT273;08dentists;"Vários dentistas foram solicitados a escolher entre duas pastas de dente: Marca X e Marca Y. Quatro em cada cinco dentistas disseram que preferiam a Marca X à M";4/5;denom=4;;
IT274;16bonusQuestion;"Ryan fez uma prova na aula de história. A prova tinha seis questões, mais uma questão bônus. Ryan acertou TODAS as questões, incluindo a questão bônus! Portanto";7/6;6;;
IT275;09mathCompetition;"Mike participou de uma competição de matemática. Na competição, Mike recebeu um teste de matemática muito difícil. O teste era tão difícil que era considerado "";9/14;9/5;;
IT276;10children;"O Sr. e a Sra. Holsinger levaram seus 3 filhos a um parque à tarde. Quando chegaram lá, duas das crianças queriam nadar na piscina, enquanto a outra queria anda";2/3;5;;
IT277;08dentists;"Vários dentistas foram solicitados a escolher entre duas pastas de dente: Marca X e Marca Y. Quatro em cada cinco dentistas disseram que preferiam a Marca X à M";4/5;6;;
IT278;19Painting;"BBrittany está mudando a posição do seu quadro na parede. Ela o moveu um pé para a direita, mas não foi suficiente. Então, Brittany o moveu mais um pé para a di";5/4;4/4;;
IT279;04soccerSeason;"Alisha joga no time de futebol feminino da sua escola. Durante um dos jogos, ela torceu o tornozelo e perdeu o restante das partidas. Ela acabou jogando apenas ";3/4;4/4;;
IT280;07pizza;"Bailey convidou uma amiga para jantar. Elas pediram uma pizza cortada em 8 fatias. Juntas, elas comeram 5 fatias. Use a reta numérica para mostrar a quantidade ";5/8;5/5;;
IT281;00bubble;"Você está tentando distribuir um pão igualmente para 5 pessoas. Cada pedaço de pão deve ter o mesmo tamanho, então você deu a cada pessoa exatamente 1/5 do pão.";1/5;reta não dividida;;
IT282;19Painting;"BBrittany está mudando a posição do seu quadro na parede. Ela o moveu um pé para a direita, mas não foi suficiente. Então, Brittany o moveu mais um pé para a di";5/4;4/5;;
IT283;19Painting;"BBrittany está mudando a posição do seu quadro na parede. Ela o moveu um pé para a direita, mas não foi suficiente. Então, Brittany o moveu mais um pé para a di";5/4;5;;
IT284;09mathCompetition;"Mike participou de uma competição de matemática. Na competição, Mike recebeu um teste de matemática muito difícil. O teste era tão difícil que era considerado "";9/14;14/9;;
IT285;19Painting;"BBrittany está mudando a posição do seu quadro na parede. Ela o moveu um pé para a direita, mas não foi suficiente. Então, Brittany o moveu mais um pé para a di";5/4;1/5;;
IT286;15fishStick;"Grace está numa situação muito complicada hoje. Ela comprou 10 palitos de peixe, mas precisa dividi-los igualmente com seis amigas. Grace usa a matemática para ";10/7;7/10;;
IT287;17pencils;"Amy está criando uma escultura única com lápis. Para prepará-la, ela comprou 2 dúzias de lápis, mas usou apenas 17 deles. Amy usou 17 dos lápis que comprou, mas";17/12;1 4/12;;
IT288;00bubble;"Você está tentando distribuir um pão igualmente para 5 pessoas. Cada pedaço de pão deve ter o mesmo tamanho, então você deu a cada pessoa exatamente 1/5 do pão.";1/5;1/4;;
IT289;05flu;"Em uma semana, Danielle pegou gripe e teve que ficar em casa, sem ir à escola, por 3 dias. Uma semana tem 5 dias letivos. Use a reta numérica para mostrar a fra";3/5;6;;
IT290;13cleanRoom;"Chris queria andar de skate, mas sua mãe disse que ele precisava arrumar o quarto primeiro. Chris levou uma hora e quinze minutos, ou 5/4 horas, para arrumar o ";5/4;1/5;;
IT291;20birthday;"Chad deu uma festa de aniversário e convidou muitos amigos. Havia tanta gente que precisaram de dois bolos para garantir que houvesse o suficiente. Cada bolo fo";15/8;15/2;;
IT292;13cleanRoom;"Chris queria andar de skate, mas sua mãe disse que ele precisava arrumar o quarto primeiro. Chris levou uma hora e quinze minutos, ou 5/4 horas, para arrumar o ";5/4;3/4;;
IT293;13cleanRoom;"Chris queria andar de skate, mas sua mãe disse que ele precisava arrumar o quarto primeiro. Chris levou uma hora e quinze minutos, ou 5/4 horas, para arrumar o ";5/4;4;;
IT294;02watermelon;"Depois que Brittany dividiu a melancia igualmente para 4 pessoas, um de seus amigos gulosos, Bill, comeu 3 pedaços em vez de 1. Isso significa que Bill comeu 3/";3/4;7;;
IT295;20birthday;"Chad deu uma festa de aniversário e convidou muitos amigos. Havia tanta gente que precisaram de dois bolos para garantir que houvesse o suficiente. Cada bolo fo";15/8;Posição equivalente a 15/16;;
IT296;04soccerSeason;"Alisha joga no time de futebol feminino da sua escola. Durante um dos jogos, ela torceu o tornozelo e perdeu o restante das partidas. Ela acabou jogando apenas ";3/4;987654;;
IT297;07pizza;"Bailey convidou uma amiga para jantar. Elas pediram uma pizza cortada em 8 fatias. Juntas, elas comeram 5 fatias. Use a reta numérica para mostrar a quantidade ";5/8;8/5;;
IT298;21mnm;"Haley acabou de receber uma sacola de M&Ms de uma amiga e agora quer transferi-los para alguns potes. A sacola de M&Ms encheu completamente um pote e 1/3 do seg";4/3;3;;
IT299;06lemonade;"Tim está dividindo uma jarra de limonada para 7 pessoas. Com muito cuidado, usando um copo medidor, Tim dividiu a limonada igualmente para todos, mas como demor";2/7;6;;
IT300;01watermelon;"Brittany comprou uma melancia para dividir com três amigas. Cada pedaço da melancia tinha o mesmo tamanho. Brittany comeu 1/4 da melancia. Use a reta numérica p";1/4;denom=4, F1=vazio, F2=1;;
IT301;12apples;"Lilth está selecionando maçãs boas de dois sacos cheios. Cada saco comporta 12 maçãs. No primeiro saco, ela selecionou 5 maçãs e, no segundo, 10. Em seguida, el";15/12;7;;
IT302;14centimeter;"Mandy e Karyn têm uma avó no Canadá. Sempre que a visitam, a avó mede o quanto elas cresceram desde a última visita. Nesta visita, Karyn estava 13 milímetros ma";13/10;1.4;;
IT303;07pizza;"Bailey convidou uma amiga para jantar. Elas pediram uma pizza cortada em 8 fatias. Juntas, elas comeram 5 fatias. Use a reta numérica para mostrar a quantidade ";5/8;6;;
IT304;22biscuit;"Andrew está preparando seus biscoitos e chegou a hora de adicionar sal. Ele coloca uma colher de chá cheia de sal na massa e, em seguida, meia colher de chá. Qu";3/2;1/5;;
IT305;13cleanRoom;"Chris queria andar de skate, mas sua mãe disse que ele precisava arrumar o quarto primeiro. Chris levou uma hora e quinze minutos, ou 5/4 horas, para arrumar o ";5/4;6/4;;
IT306;23textbookPack;"Leonard está empacotando 13 livros didáticos em algumas caixas. Na primeira caixa, Leonard consegue colocar exatamente 8 livros, sem deixar espaços vazios. Em s";13/8;5;;
IT307;18gum;"Steve tinha dois pacotes de chiclete. Cada pacote continha seis unidades. Ele deu uma unidade para cada um de seus onze amigos. O número total de chicletes que ";11/6;5;;
IT308;11project;"Ivan tem um projeto para entregar em uma semana. Para não ser preguiçoso, ele dividiu o trabalho em 7 partes e decidiu concluir uma parte por dia. Depois de 5 d";5/7;7;;
IT309;08dentists;"Vários dentistas foram solicitados a escolher entre duas pastas de dente: Marca X e Marca Y. Quatro em cada cinco dentistas disseram que preferiam a Marca X à M";4/5;5/4;;
IT310;18gum;"Steve tinha dois pacotes de chiclete. Cada pacote continha seis unidades. Ele deu uma unidade para cada um de seus onze amigos. O número total de chicletes que ";11/6;1;;
IT311;08dentists;"Vários dentistas foram solicitados a escolher entre duas pastas de dente: Marca X e Marca Y. Quatro em cada cinco dentistas disseram que preferiam a Marca X à M";4/5;4/9;;
IT312;20birthday;"Chad deu uma festa de aniversário e convidou muitos amigos. Havia tanta gente que precisaram de dois bolos para garantir que houvesse o suficiente. Cada bolo fo";15/8;15;;
IT313;23textbookPack;"Leonard está empacotando 13 livros didáticos em algumas caixas. Na primeira caixa, Leonard consegue colocar exatamente 8 livros, sem deixar espaços vazios. Em s";13/8;numline:0/13,13/13;;
IT314;06lemonade;"Tim está dividindo uma jarra de limonada para 7 pessoas. Com muito cuidado, usando um copo medidor, Tim dividiu a limonada igualmente para todos, mas como demor";2/7;2/6;;
IT315;14centimeter;"Mandy e Karyn têm uma avó no Canadá. Sempre que a visitam, a avó mede o quanto elas cresceram desde a última visita. Nesta visita, Karyn estava 13 milímetros ma";13/10;3/10;;
IT316;19Painting;"BBrittany está mudando a posição do seu quadro na parede. Ela o moveu um pé para a direita, mas não foi suficiente. Então, Brittany o moveu mais um pé para a di";5/4;1 1/5;;
IT317;14centimeter;"Mandy e Karyn têm uma avó no Canadá. Sempre que a visitam, a avó mede o quanto elas cresceram desde a última visita. Nesta visita, Karyn estava 13 milímetros ma";13/10;Reta de 0 a 1;;
IT318;20birthday;"Chad deu uma festa de aniversário e convidou muitos amigos. Havia tanta gente que precisaram de dois bolos para garantir que houvesse o suficiente. Cada bolo fo";15/8;Posição correspondente a 7/8;;
IT319;21mnm;"Haley acabou de receber uma sacola de M&Ms de uma amiga e agora quer transferi-los para alguns potes. A sacola de M&Ms encheu completamente um pote e 1/3 do seg";4/3;3/3;;
IT320;07pizza;"Bailey convidou uma amiga para jantar. Elas pediram uma pizza cortada em 8 fatias. Juntas, elas comeram 5 fatias. Use a reta numérica para mostrar a quantidade ";5/8;2/8;;
IT321;01watermelon;"Brittany comprou uma melancia para dividir com três amigas. Cada pedaço da melancia tinha o mesmo tamanho. Brittany comeu 1/4 da melancia. Use a reta numérica p";1/4;2/4;;
IT322;01watermelon;"Brittany comprou uma melancia para dividir com três amigas. Cada pedaço da melancia tinha o mesmo tamanho. Brittany comeu 1/4 da melancia. Use a reta numérica p";1/4;4;;
IT323;02watermelon;"Depois que Brittany dividiu a melancia igualmente para 4 pessoas, um de seus amigos gulosos, Bill, comeu 3 pedaços em vez de 1. Isso significa que Bill comeu 3/";3/4;3/4;;
IT324;18gum;"Steve tinha dois pacotes de chiclete. Cada pacote continha seis unidades. Ele deu uma unidade para cada um de seus onze amigos. O número total de chicletes que ";11/6;1/6;;
IT325;05flu;"Em uma semana, Danielle pegou gripe e teve que ficar em casa, sem ir à escola, por 3 dias. Uma semana tem 5 dias letivos. Use a reta numérica para mostrar a fra";3/5;2;;
IT326;12apples;"Lilth está selecionando maçãs boas de dois sacos cheios. Cada saco comporta 12 maçãs. No primeiro saco, ela selecionou 5 maçãs e, no segundo, 10. Em seguida, el";15/12;15;;
IT327;23textbookPack;"Leonard está empacotando 13 livros didáticos em algumas caixas. Na primeira caixa, Leonard consegue colocar exatamente 8 livros, sem deixar espaços vazios. Em s";13/8;numline:0/8,8/8;;
IT328;13cleanRoom;"Chris queria andar de skate, mas sua mãe disse que ele precisava arrumar o quarto primeiro. Chris levou uma hora e quinze minutos, ou 5/4 horas, para arrumar o ";5/4;15/4;;
IT329;22biscuit;"Andrew está preparando seus biscoitos e chegou a hora de adicionar sal. Ele coloca uma colher de chá cheia de sal na massa e, em seguida, meia colher de chá. Qu";3/2;0,1;;
IT330;07pizza;"Bailey convidou uma amiga para jantar. Elas pediram uma pizza cortada em 8 fatias. Juntas, elas comeram 5 fatias. Use a reta numérica para mostrar a quantidade ";5/8;5/2;;
IT331;05flu;"Em uma semana, Danielle pegou gripe e teve que ficar em casa, sem ir à escola, por 3 dias. Uma semana tem 5 dias letivos. Use a reta numérica para mostrar a fra";3/5;5;;
IT332;08dentists;"Vários dentistas foram solicitados a escolher entre duas pastas de dente: Marca X e Marca Y. Quatro em cada cinco dentistas disseram que preferiam a Marca X à M";4/5;4 partes, ponto em 1;;
IT333;21mnm;"Haley acabou de receber uma sacola de M&Ms de uma amiga e agora quer transferi-los para alguns potes. A sacola de M&Ms encheu completamente um pote e 1/3 do seg";4/3;4/3;;
IT334;15fishStick;"Grace está numa situação muito complicada hoje. Ela comprou 10 palitos de peixe, mas precisa dividi-los igualmente com seis amigas. Grace usa a matemática para ";10/7;7;;
IT335;02watermelon;"Depois que Brittany dividiu a melancia igualmente para 4 pessoas, um de seus amigos gulosos, Bill, comeu 3 pedaços em vez de 1. Isso significa que Bill comeu 3/";3/4;1/4;;
IT336;20birthday;"Chad deu uma festa de aniversário e convidou muitos amigos. Havia tanta gente que precisaram de dois bolos para garantir que houvesse o suficiente. Cada bolo fo";15/8;2;;
IT337;03summerBooks;"Sally has to read 5 books for her summer assignment. So far, she has read 3 of the books. That is 3/5 of the assignment, and she is convinced that she has read ";3/5;0;;
IT338;23textbookPack;"Leonard está empacotando 13 livros didáticos em algumas caixas. Na primeira caixa, Leonard consegue colocar exatamente 8 livros, sem deixar espaços vazios. Em s";13/8;13;;
IT339;10children;"O Sr. e a Sra. Holsinger levaram seus 3 filhos a um parque à tarde. Quando chegaram lá, duas das crianças queriam nadar na piscina, enquanto a outra queria anda";2/3;2/3;;
IT340;13cleanRoom;"Chris queria andar de skate, mas sua mãe disse que ele precisava arrumar o quarto primeiro. Chris levou uma hora e quinze minutos, ou 5/4 horas, para arrumar o ";5/4;5;;
IT341;04soccerSeason;"Alisha joga no time de futebol feminino da sua escola. Durante um dos jogos, ela torceu o tornozelo e perdeu o restante das partidas. Ela acabou jogando apenas ";3/4;2/4;;
IT342;06lemonade;"Tim está dividindo uma jarra de limonada para 7 pessoas. Com muito cuidado, usando um copo medidor, Tim dividiu a limonada igualmente para todos, mas como demor";2/7;3/7;;
IT343;03summerBooks;"Sally has to read 5 books for her summer assignment. So far, she has read 3 of the books. That is 3/5 of the assignment, and she is convinced that she has read ";3/5;3/5 < 1/2;;
IT344;11project;"Ivan tem um projeto para entregar em uma semana. Para não ser preguiçoso, ele dividiu o trabalho em 7 partes e decidiu concluir uma parte por dia. Depois de 5 d";5/7;5/5;;
IT345;17pencils;"Amy está criando uma escultura única com lápis. Para prepará-la, ela comprou 2 dúzias de lápis, mas usou apenas 17 deles. Amy usou 17 dos lápis que comprou, mas";17/12;5;;
IT346;03summerBooks;"Sally has to read 5 books for her summer assignment. So far, she has read 3 of the books. That is 3/5 of the assignment, and she is convinced that she has read ";3/5;0.5;;
IT347;11project;"Ivan tem um projeto para entregar em uma semana. Para não ser preguiçoso, ele dividiu o trabalho em 7 partes e decidiu concluir uma parte por dia. Depois de 5 d";5/7;1/5;;
IT348;19Painting;"BBrittany está mudando a posição do seu quadro na parede. Ela o moveu um pé para a direita, mas não foi suficiente. Então, Brittany o moveu mais um pé para a di";5/4;5/4;;
IT349;21mnm;"Haley acabou de receber uma sacola de M&Ms de uma amiga e agora quer transferi-los para alguns potes. A sacola de M&Ms encheu completamente um pote e 1/3 do seg";4/3;4/6;;
IT350;16bonusQuestion;"Ryan fez uma prova na aula de história. A prova tinha seis questões, mais uma questão bônus. Ryan acertou TODAS as questões, incluindo a questão bônus! Portanto";7/6;6/7;;
IT351;06lemonade;"Tim está dividindo uma jarra de limonada para 7 pessoas. Com muito cuidado, usando um copo medidor, Tim dividiu a limonada igualmente para todos, mas como demor";2/7;3;;
IT352;07pizza;"Bailey convidou uma amiga para jantar. Elas pediram uma pizza cortada em 8 fatias. Juntas, elas comeram 5 fatias. Use a reta numérica para mostrar a quantidade ";5/8;3;;
IT353;11project;"Ivan tem um projeto para entregar em uma semana. Para não ser preguiçoso, ele dividiu o trabalho em 7 partes e decidiu concluir uma parte por dia. Depois de 5 d";5/7;6/7;;
IT354;20birthday;"Chad deu uma festa de aniversário e convidou muitos amigos. Havia tanta gente que precisaram de dois bolos para garantir que houvesse o suficiente. Cada bolo fo";15/8;987654;;
IT355;06lemonade;"Tim está dividindo uma jarra de limonada para 7 pessoas. Com muito cuidado, usando um copo medidor, Tim dividiu a limonada igualmente para todos, mas como demor";2/7;7;;
IT356;00bubble;"Você está tentando distribuir um pão igualmente para 5 pessoas. Cada pedaço de pão deve ter o mesmo tamanho, então você deu a cada pessoa exatamente 1/5 do pão.";1/5;987654;;
IT357;06lemonade;"Tim está dividindo uma jarra de limonada para 7 pessoas. Com muito cuidado, usando um copo medidor, Tim dividiu a limonada igualmente para todos, mas como demor";2/7;987654;;
IT358;02watermelon;"Depois que Brittany dividiu a melancia igualmente para 4 pessoas, um de seus amigos gulosos, Bill, comeu 3 pedaços em vez de 1. Isso significa que Bill comeu 3/";3/4;2;;
IT359;10children;"O Sr. e a Sra. Holsinger levaram seus 3 filhos a um parque à tarde. Quando chegaram lá, duas das crianças queriam nadar na piscina, enquanto a outra queria anda";2/3;2;;
IT360;22biscuit;"Andrew está preparando seus biscoitos e chegou a hora de adicionar sal. Ele coloca uma colher de chá cheia de sal na massa e, em seguida, meia colher de chá. Qu";3/2;3/4;;
IT361;10children;"O Sr. e a Sra. Holsinger levaram seus 3 filhos a um parque à tarde. Quando chegaram lá, duas das crianças queriam nadar na piscina, enquanto a outra queria anda";2/3;2/5;;
IT362;16bonusQuestion;"Ryan fez uma prova na aula de história. A prova tinha seis questões, mais uma questão bônus. Ryan acertou TODAS as questões, incluindo a questão bônus! Portanto";7/6;8;;
IT363;20birthday;"Chad deu uma festa de aniversário e convidou muitos amigos. Havia tanta gente que precisaram de dois bolos para garantir que houvesse o suficiente. Cada bolo fo";15/8;Posição correspondente a 14/8;;
IT364;13cleanRoom;"Chris queria andar de skate, mas sua mãe disse que ele precisava arrumar o quarto primeiro. Chris levou uma hora e quinze minutos, ou 5/4 horas, para arrumar o ";5/4;8;;
IT365;19Painting;"BBrittany está mudando a posição do seu quadro na parede. Ela o moveu um pé para a direita, mas não foi suficiente. Então, Brittany o moveu mais um pé para a di";5/4;2;;
IT366;17pencils;"Amy está criando uma escultura única com lápis. Para prepará-la, ela comprou 2 dúzias de lápis, mas usou apenas 17 deles. Amy usou 17 dos lápis que comprou, mas";17/12;16/12;;
IT367;11project;"Ivan tem um projeto para entregar em uma semana. Para não ser preguiçoso, ele dividiu o trabalho em 7 partes e decidiu concluir uma parte por dia. Depois de 5 d";5/7;2;;
IT368;16bonusQuestion;"Ryan fez uma prova na aula de história. A prova tinha seis questões, mais uma questão bônus. Ryan acertou TODAS as questões, incluindo a questão bônus! Portanto";7/6;Ponto em 1;;
IT369;03summerBooks;"Sally has to read 5 books for her summer assignment. So far, she has read 3 of the books. That is 3/5 of the assignment, and she is convinced that she has read ";3/5;3;;
IT370;17pencils;"Amy está criando uma escultura única com lápis. Para prepará-la, ela comprou 2 dúzias de lápis, mas usou apenas 17 deles. Amy usou 17 dos lápis que comprou, mas";17/12;5/12;;